,time,open,high,low,close,vwap,volume,count
0,2018-09-20 02:00:00,180.1,194.0,175.76,190.41,181.57,62809.81217807,9996.0
1,2018-09-21 02:00:00,190.41,214.99,187.24,210.34,199.11,140751.13781708,21474.0
2,2018-09-22 02:00:00,210.34,215.99,196.36,204.49,203.26,65492.45813764,11336.0
3,2018-09-23 02:00:00,204.49,212.42,201.11,207.74,206.72,43765.2337492,8217.0
4,2018-09-24 02:00:00,207.83,209.4,191.6,194.0,198.69,76724.43015921,11513.0
5,2018-09-25 02:00:00,194.0,194.0,172.41,186.4,181.14,117511.79345797,16207.0
6,2018-09-26 02:00:00,186.54,190.36,176.3,182.39,184.0,76107.65182405,11311.0
7,2018-09-27 02:00:00,182.25,199.5,179.04,196.73,188.47,48462.67523391,8332.0
8,2018-09-28 02:00:00,196.89,201.0,184.22,190.9,193.26,77591.51141794,12372.0
9,2018-09-29 02:00:00,190.9,204.38,184.27,198.85,197.63,65343.78568232,12331.0
10,2018-09-30 02:00:00,198.87,205.0,193.51,199.76,199.67,39640.14689461,8656.0
11,2018-10-01 02:00:00,199.76,202.21,192.41,198.8,197.59,44647.14692726,7799.0
12,2018-10-02 02:00:00,198.79,200.0,192.6,194.52,196.14,26881.58267879,6229.0
13,2018-10-03 02:00:00,194.52,194.79,185.5,190.91,189.18,44619.75687965,8402.0
14,2018-10-04 02:00:00,190.92,196.0,190.07,192.1,193.75,19711.82498276,5053.0
15,2018-10-05 02:00:00,192.1,200.0,190.0,196.85,194.41,33572.77275002,7115.0
16,2018-10-06 02:00:00,196.63,197.52,192.82,194.14,194.79,13168.10438404,3423.0
17,2018-10-07 02:00:00,194.14,196.58,190.86,195.29,193.38,19691.30074244,4362.0
18,2018-10-08 02:00:00,194.86,201.19,193.27,198.29,197.79,39595.53164142,6350.0
19,2018-10-09 02:00:00,198.29,199.5,196.61,197.05,197.81,17552.48292527,3924.0
20,2018-10-10 02:00:00,197.05,197.05,192.49,193.7,194.03,25740.84331982,4655.0
21,2018-10-11 02:00:00,193.65,193.65,160.1,162.67,173.23,151974.86556312,25310.0
22,2018-10-12 02:00:00,162.67,171.95,161.27,168.03,168.01,38903.2628459,7807.0
23,2018-10-13 02:00:00,167.9,173.0,167.29,171.07,171.1,18169.46473247,4364.0
24,2018-10-14 02:00:00,171.07,172.45,164.37,166.15,169.61,24380.31616369,4925.0
25,2018-10-15 02:00:00,166.12,189.99,164.4,176.3,177.45,160333.31870756,22115.0
26,2018-10-16 02:00:00,176.49,179.98,174.53,177.98,176.61,31707.82449487,5918.0
27,2018-10-17 02:00:00,177.98,178.47,173.38,177.21,176.71,23155.35472128,4624.0
28,2018-10-18 02:00:00,177.21,178.43,172.03,173.97,174.92,33159.92369134,5429.0
29,2018-10-19 02:00:00,173.95,175.6,172.4,174.55,174.07,21832.52109535,4257.0
30,2018-10-20 02:00:00,174.52,177.4,173.45,176.45,175.96,12250.28661297,3081.0
31,2018-10-21 02:00:00,176.45,178.61,174.8,175.49,176.68,13651.39871347,3069.0
32,2018-10-22 02:00:00,175.49,176.57,174.32,175.79,175.37,18582.97807604,4112.0
33,2018-10-23 02:00:00,175.71,176.69,172.36,175.29,174.39,25996.50760954,4121.0
34,2018-10-24 02:00:00,175.29,177.25,175.03,176.17,176.49,19958.94904786,4631.0
35,2018-10-25 02:00:00,176.17,176.48,174.2,175.47,175.48,29800.5180784,4018.0
36,2018-10-26 02:00:00,175.47,179.98,174.71,176.09,176.98,31487.38651314,5505.0
37,2018-10-27 02:00:00,176.09,177.18,175.6,176.86,176.4,5677.36345394,2242.0
38,2018-10-28 02:00:00,176.86,178.48,176.28,178.29,177.41,16293.58397962,2788.0
39,2018-10-29 01:00:00,178.29,178.31,162.0,170.79,171.25,57051.61201692,8136.0
40,2018-10-30 01:00:00,170.78,173.83,170.22,172.26,171.45,18336.20775218,4083.0
41,2018-10-31 01:00:00,172.26,175.74,169.51,173.96,172.53,25916.70274933,4609.0
42,2018-11-01 01:00:00,173.96,174.39,172.21,173.46,173.05,15243.60131732,3100.0
43,2018-11-02 01:00:00,173.46,176.6,173.0,175.59,174.99,16490.00931215,4146.0
44,2018-11-03 01:00:00,175.59,175.79,173.11,174.1,174.33,10321.69041126,2820.0
45,2018-11-04 01:00:00,174.1,190.94,173.3,184.23,181.82,42022.44569814,8783.0
46,2018-11-05 01:00:00,184.23,185.54,180.4,182.35,182.49,39962.7897452,7041.0
47,2018-11-06 01:00:00,182.35,192.18,181.52,191.41,187.49,54923.98590476,9387.0
48,2018-11-07 01:00:00,191.41,195.48,186.73,189.84,190.94,50110.20723842,9163.0
49,2018-11-08 01:00:00,189.84,191.35,184.74,185.21,187.03,30465.50101375,5606.0
50,2018-11-09 01:00:00,185.22,187.39,182.0,183.67,184.6,22431.01236644,4819.0
51,2018-11-10 01:00:00,183.67,187.9,183.51,185.56,185.97,8645.13372536,2727.0
52,2018-11-11 01:00:00,185.56,186.4,180.69,185.25,184.31,18802.64561208,3215.0
53,2018-11-12 01:00:00,185.06,187.2,183.55,186.0,185.82,20143.87359985,5178.0
54,2018-11-13 01:00:00,186.0,186.11,180.0,180.2,182.82,31874.13724067,5916.0
55,2018-11-14 01:00:00,180.2,181.84,145.46,157.51,160.28,200453.28992433,32307.0
56,2018-11-15 01:00:00,157.51,159.99,146.04,157.42,153.43,126251.99617109,20489.0
57,2018-11-16 01:00:00,157.42,158.49,147.86,150.65,153.88,67595.56560115,10523.0
58,2018-11-17 01:00:00,150.65,152.13,149.14,150.6,150.57,23929.61709278,4834.0
59,2018-11-18 01:00:00,150.7,157.45,150.7,153.87,153.15,32267.41141466,5031.0
60,2018-11-19 01:00:00,153.78,153.83,121.7,123.89,133.47,229139.54723567,30771.0
61,2018-11-20 01:00:00,123.86,128.99,103.0,112.21,115.43,360336.7994517,48689.0
62,2018-11-21 01:00:00,112.21,120.5,107.23,118.3,115.8,144058.37315015,20954.0
63,2018-11-22 01:00:00,118.33,119.72,107.28,108.08,113.37,100103.3536169,13475.0
64,2018-11-23 01:00:00,108.08,109.99,101.25,107.0,106.09,143049.56093616,15423.0
65,2018-11-24 01:00:00,107.0,111.49,95.0,97.64,101.78,175731.30318726,21312.0
66,2018-11-25 01:00:00,97.65,105.0,87.0,100.83,95.04,275562.25075303,28345.0
67,2018-11-26 01:00:00,100.71,102.99,90.6,94.27,95.91,229729.25664835,23179.0
68,2018-11-27 01:00:00,94.26,98.75,87.61,96.25,92.78,124980.65755041,14808.0
69,2018-11-28 01:00:00,96.25,111.27,96.18,107.23,104.28,210318.89785463,26129.0
70,2018-11-29 01:00:00,107.23,108.77,99.14,102.37,104.08,122943.25022065,15948.0
71,2018-11-30 01:00:00,102.37,104.67,96.82,99.16,100.05,66016.43244733,11557.0
72,2018-12-01 01:00:00,99.08,106.85,97.24,103.48,103.09,63122.64783923,10223.0
73,2018-12-02 01:00:00,103.48,105.77,100.81,101.42,102.47,43540.27920049,6210.0
74,2018-12-03 01:00:00,101.4,101.72,92.49,94.6,96.12,94271.47429164,11074.0
75,2018-12-04 01:00:00,94.6,98.75,92.14,95.94,96.24,69707.23985271,9999.0
76,2018-12-05 01:00:00,95.94,96.4,88.74,88.8,92.05,94352.13828857,11537.0
77,2018-12-06 01:00:00,88.8,91.16,78.55,78.69,85.23,245871.03256686,22686.0
78,2018-12-07 01:00:00,78.69,85.0,71.3,81.45,76.81,326433.63130767,36571.0
79,2018-12-08 01:00:00,81.45,85.94,73.68,79.14,78.71,176174.27248936,25102.0
80,2018-12-09 01:00:00,79.14,86.7,77.46,81.38,82.13,171042.28588882,18605.0
81,2018-12-10 01:00:00,81.38,82.99,76.88,78.8,78.8,149817.26261362,14793.0
82,2018-12-11 01:00:00,78.8,79.98,74.64,76.85,77.0,84565.07163203,13853.0
83,2018-12-12 01:00:00,76.85,80.2,75.84,78.57,78.5,75847.34532267,10173.0
84,2018-12-13 01:00:00,78.57,80.2,72.8,75.17,76.22,152348.82119534,15827.0
85,2018-12-14 01:00:00,75.17,75.8,71.9,73.36,74.11,81432.90127011,13069.0
86,2018-12-15 01:00:00,73.36,74.59,71.77,73.52,73.2,49804.28810379,8993.0
87,2018-12-16 01:00:00,73.51,76.78,73.41,74.22,75.51,43847.35673881,7232.0
88,2018-12-17 01:00:00,74.15,85.23,73.97,83.04,80.7,145574.55240807,18634.0
89,2018-12-18 01:00:00,83.04,89.91,80.55,88.75,83.81,137419.39044323,17119.0
90,2018-12-19 01:00:00,88.75,94.98,86.19,87.33,90.73,223392.74742596,27231.0
91,2018-12-20 01:00:00,87.33,102.97,86.68,99.99,96.66,213515.98483739,26352.0
92,2018-12-21 01:00:00,99.98,103.5,92.41,94.75,98.36,157326.29727362,22473.0
93,2018-12-22 01:00:00,94.75,102.3,93.01,102.3,98.6,104722.39421066,14063.0
94,2018-12-23 01:00:00,102.29,117.5,102.24,114.19,112.35,169076.64643101,25300.0
95,2018-12-24 01:00:00,114.19,139.53,114.13,122.24,127.22,345512.0621302,40861.0
96,2018-12-25 01:00:00,122.19,123.02,107.01,113.13,112.28,214309.76792991,27917.0
97,2018-12-26 01:00:00,113.13,120.0,107.41,114.81,113.68,133955.90716341,18743.0
98,2018-12-27 01:00:00,114.81,116.21,98.11,100.76,105.39,167576.07146264,19199.0
99,2018-12-28 01:00:00,100.76,121.73,99.25,120.16,111.15,186162.49308045,25295.0
100,2018-12-29 01:00:00,120.16,130.0,115.91,117.89,121.48,154394.30817562,23934.0
101,2018-12-30 01:00:00,117.96,123.75,112.78,121.99,119.42,109795.72751347,15095.0
102,2018-12-31 01:00:00,122.16,122.3,113.0,114.96,118.12,70406.92065978,9426.0
103,2019-01-01 01:00:00,114.97,123.9,114.0,122.46,119.83,64294.36305946,9740.0
104,2019-01-02 01:00:00,122.62,138.8,121.25,135.57,131.68,191107.59635108,39003.0
105,2019-01-03 01:00:00,135.57,136.25,126.59,129.54,130.93,116881.20525769,14775.0
106,2019-01-04 01:00:00,129.56,137.11,127.58,135.13,133.09,146936.62494094,17640.0
107,2019-01-05 01:00:00,135.13,141.7,134.61,135.65,138.27,134937.24117729,16882.0
108,2019-01-06 01:00:00,135.65,141.08,130.0,136.87,135.68,133644.34294673,15106.0
109,2019-01-07 01:00:00,136.87,138.49,129.17,131.83,133.39,91836.62266608,12755.0
110,2019-01-08 01:00:00,131.83,134.0,128.3,130.31,131.06,103510.48625887,12113.0
111,2019-01-09 01:00:00,130.34,134.0,129.09,129.8,131.04,78234.98847541,7976.0
112,2019-01-10 01:00:00,129.8,130.99,105.8,110.28,114.45,193327.98873935,22271.0
113,2019-01-11 01:00:00,110.28,112.42,106.22,110.06,109.65,97392.28442952,10569.0
114,2019-01-12 01:00:00,110.06,111.64,107.76,108.99,109.63,40627.91061515,5542.0
115,2019-01-13 01:00:00,108.99,110.22,99.06,101.11,103.3,90440.70309321,10216.0
116,2019-01-14 01:00:00,101.11,115.0,100.79,112.12,108.08,147694.16185797,15544.0
117,2019-01-15 01:00:00,112.12,114.82,102.45,105.5,109.24,119757.01516673,12355.0
118,2019-01-16 01:00:00,105.5,112.87,104.86,107.31,107.4,83491.09889548,9299.0
119,2019-01-17 01:00:00,107.34,108.9,103.2,107.4,106.26,78836.25352243,7872.0
120,2019-01-18 01:00:00,107.51,107.76,104.01,105.22,105.77,50010.47909784,5314.0
121,2019-01-19 01:00:00,105.33,111.83,105.24,108.53,108.81,54754.35093372,5836.0
122,2019-01-20 01:00:00,108.53,108.85,100.1,103.27,104.46,75131.90996077,7619.0
123,2019-01-21 01:00:00,103.27,104.2,100.21,102.1,102.3,52753.07920118,6161.0
124,2019-01-22 01:00:00,102.1,105.68,95.0,103.94,102.13,90484.4804444,10051.0
125,2019-01-23 01:00:00,103.93,105.0,101.03,102.44,103.12,51278.66390743,6525.0
126,2019-01-24 01:00:00,102.38,103.86,100.55,103.16,102.31,34048.30068503,5469.0
127,2019-01-25 01:00:00,103.16,103.82,100.08,100.95,101.6,80793.07790669,7130.0
128,2019-01-26 01:00:00,100.95,103.0,100.8,101.0,101.79,25787.41292197,4213.0
129,2019-01-27 01:00:00,101.0,101.39,96.67,97.54,98.94,74199.08004106,7576.0
130,2019-01-28 01:00:00,97.54,98.31,88.59,92.4,92.05,155215.8004303,13960.0
131,2019-01-29 01:00:00,92.42,92.72,89.47,91.09,91.16,53768.74964001,5307.0
132,2019-01-30 01:00:00,90.99,97.3,90.2,93.9,93.83,98022.48192677,8550.0
133,2019-01-31 01:00:00,93.9,96.2,91.29,92.33,93.2,57461.64334622,6129.0
134,2019-02-01 01:00:00,92.38,93.9,90.32,92.5,91.86,54747.64018699,5261.0
135,2019-02-02 01:00:00,92.5,96.31,92.05,95.42,93.49,28085.51364686,3647.0
136,2019-02-03 01:00:00,95.42,96.0,91.09,92.62,93.54,35222.94950933,3910.0
137,2019-02-04 01:00:00,92.62,94.24,92.0,92.79,92.93,39059.47654251,4699.0
138,2019-02-05 01:00:00,92.79,93.46,92.02,93.16,92.8,19823.59612782,5188.0
139,2019-02-06 01:00:00,93.16,93.5,88.0,91.0,90.05,102095.34167286,9567.0
140,2019-02-07 01:00:00,91.0,92.54,90.4,90.97,91.24,38701.09170495,4553.0
141,2019-02-08 01:00:00,90.97,108.0,90.3,104.22,99.18,144435.86194588,16406.0
142,2019-02-09 01:00:00,104.22,106.0,103.0,104.47,104.3,40272.306863,5844.0
143,2019-02-10 01:00:00,104.47,110.5,101.6,109.66,105.74,57219.21671165,6910.0
144,2019-02-11 01:00:00,109.66,109.9,104.37,106.31,106.28,69075.15255385,7601.0
145,2019-02-12 01:00:00,106.32,108.1,103.85,106.94,106.23,52991.96939713,5811.0
146,2019-02-13 01:00:00,106.94,111.0,106.13,107.3,107.8,53529.14893991,5641.0
147,2019-02-14 01:00:00,107.3,109.17,105.5,105.99,107.25,39777.81311563,5012.0
148,2019-02-15 01:00:00,105.99,109.36,105.55,107.0,107.49,36432.58338184,5002.0
149,2019-02-16 01:00:00,107.0,109.36,106.92,107.79,108.08,26926.06217307,4006.0
150,2019-02-17 01:00:00,107.79,118.82,107.68,117.66,112.74,133666.02932465,12598.0
151,2019-02-18 01:00:00,117.37,130.91,116.23,127.86,124.55,183746.85292639,22990.0
152,2019-02-19 01:00:00,127.98,131.93,125.52,125.96,128.96,88240.36810255,12434.0
153,2019-02-20 01:00:00,125.96,130.98,123.34,130.2,127.38,65311.16032783,10134.0
154,2019-02-21 01:00:00,130.0,131.35,125.18,127.17,127.31,61861.40762516,8187.0
155,2019-02-22 01:00:00,127.17,130.26,125.29,129.37,128.78,47665.24285194,7336.0
156,2019-02-23 01:00:00,129.37,140.35,128.1,139.11,135.27,116047.28091073,13492.0
157,2019-02-24 01:00:00,139.11,146.0,116.04,116.37,130.13,238730.04237785,27096.0
158,2019-02-25 01:00:00,116.36,124.87,115.56,120.83,120.63,108846.82455081,13645.0
159,2019-02-26 01:00:00,120.91,121.55,117.21,119.44,119.34,51912.427711,6534.0
160,2019-02-27 01:00:00,119.44,122.99,110.58,118.09,117.09,99702.57902411,11515.0
161,2019-02-28 01:00:00,118.09,122.39,115.76,118.65,119.35,87563.58292039,10704.0
162,2019-03-01 01:00:00,118.65,121.84,118.06,118.86,119.49,46603.22104104,6099.0
163,2019-03-02 01:00:00,118.9,119.55,114.35,116.5,116.36,41156.47017362,5679.0
164,2019-03-03 01:00:00,116.5,118.5,112.22,114.41,115.59,27120.86572008,4621.0
165,2019-03-04 01:00:00,114.41,114.89,108.15,110.5,110.68,95976.80062293,8933.0
166,2019-03-05 01:00:00,110.5,121.71,110.19,120.53,117.33,107063.04605718,11688.0
167,2019-03-06 01:00:00,120.53,124.64,117.49,121.2,121.3,84667.9670436,8807.0
168,2019-03-07 01:00:00,121.2,123.52,119.05,121.74,121.66,40876.17700862,7449.0
169,2019-03-08 01:00:00,121.71,123.74,115.06,118.21,120.1,57544.76137863,8295.0
170,2019-03-09 01:00:00,118.21,123.0,117.62,121.45,121.13,27833.41782681,5123.0
171,2019-03-10 01:00:00,121.45,121.69,118.75,119.97,119.83,23283.29030218,3849.0
172,2019-03-11 01:00:00,119.97,120.5,115.91,117.26,117.47,46235.52573563,7088.0
173,2019-03-12 01:00:00,117.26,119.29,113.45,117.7,116.78,58655.59015465,6745.0
174,2019-03-13 01:00:00,117.7,117.83,115.17,115.81,116.21,28180.81579518,5319.0
175,2019-03-14 01:00:00,115.81,119.4,113.52,116.29,116.07,38753.05889232,6024.0
176,2019-03-15 01:00:00,116.29,120.99,116.29,119.8,119.08,43899.02559817,6071.0
177,2019-03-16 01:00:00,119.8,126.32,119.76,123.96,123.41,66375.40562445,9530.0
178,2019-03-17 01:00:00,123.96,123.97,120.09,122.0,121.98,32717.23480262,4671.0
179,2019-03-18 01:00:00,122.04,124.71,119.31,120.89,121.21,39183.6082968,7237.0
180,2019-03-19 01:00:00,120.89,122.29,120.29,121.66,121.21,22921.89242257,4703.0
181,2019-03-20 01:00:00,121.66,122.39,119.51,121.53,121.01,31650.07586363,8072.0
182,2019-03-21 01:00:00,121.53,122.32,115.11,118.43,119.26,59446.05129466,8272.0
183,2019-03-22 01:00:00,118.43,121.64,118.02,120.44,120.18,26915.93524035,6081.0
184,2019-03-23 01:00:00,120.44,121.99,119.61,120.82,120.61,22657.17883316,6510.0
185,2019-03-24 01:00:00,120.87,120.87,118.89,120.05,119.93,15613.28934299,3222.0
186,2019-03-25 01:00:00,120.05,120.69,115.85,117.7,118.05,41645.67955134,8820.0
187,2019-03-26 01:00:00,117.7,118.87,116.8,118.23,117.79,24156.55061408,8701.0
188,2019-03-27 01:00:00,118.23,124.67,118.2,123.72,122.01,61828.76631892,16918.0
189,2019-03-28 01:00:00,123.66,123.67,121.94,122.35,122.58,35910.263423,6587.0
190,2019-03-29 01:00:00,122.36,127.49,122.06,127.22,124.95,41711.95296208,9337.0
191,2019-03-30 01:00:00,127.22,129.97,124.6,126.56,127.07,35084.0300937,7325.0
192,2019-03-31 01:00:00,126.56,126.67,124.08,125.66,125.23,34850.55054523,6347.0
193,2019-04-01 02:00:00,125.66,127.37,123.2,126.08,126.07,47462.90752438,9105.0
194,2019-04-02 02:00:00,126.08,148.8,125.88,146.77,137.78,199055.15129352,28647.0
195,2019-04-03 02:00:00,146.77,164.0,135.72,143.36,150.91,238998.92122617,34478.0
196,2019-04-04 02:00:00,143.36,146.58,136.44,140.36,142.23,90021.79682061,16466.0
197,2019-04-05 02:00:00,140.36,150.0,139.05,147.85,146.21,62766.73530899,12770.0
198,2019-04-06 02:00:00,147.93,154.51,141.3,147.45,148.24,70038.76092711,12061.0
199,2019-04-07 02:00:00,147.45,157.98,146.58,156.26,152.67,58448.15836491,10027.0
200,2019-04-08 02:00:00,156.26,166.8,154.99,160.78,160.56,141135.51344477,19738.0
201,2019-04-09 02:00:00,160.78,160.79,155.25,156.33,157.53,49190.71131909,9650.0
202,2019-04-10 02:00:00,156.43,165.28,150.5,157.58,159.29,80933.76781884,12669.0
203,2019-04-11 02:00:00,157.58,157.94,142.25,146.9,148.48,106063.79156464,15333.0
204,2019-04-12 02:00:00,146.83,148.46,142.5,145.6,145.69,44509.03551994,6905.0
205,2019-04-13 02:00:00,145.6,147.27,144.09,145.56,145.44,15756.77064743,5181.0
206,2019-04-14 02:00:00,145.56,149.87,143.31,148.79,146.31,28065.37023933,11932.0
207,2019-04-15 02:00:00,148.79,149.96,138.4,141.88,143.93,65874.70253645,11614.0
208,2019-04-16 02:00:00,141.88,148.88,141.21,147.38,145.2,44474.11173523,7822.0
209,2019-04-17 02:00:00,147.37,149.06,145.52,147.47,147.13,20041.93796111,4902.0
210,2019-04-18 02:00:00,147.47,156.79,147.19,155.05,153.6,48243.88924435,10747.0
211,2019-04-19 02:00:00,155.05,155.27,150.52,154.54,153.49,27412.31208365,5796.0
212,2019-04-20 02:00:00,154.54,158.19,152.01,154.51,155.26,36331.06102231,6419.0
213,2019-04-21 02:00:00,154.51,155.48,148.3,151.46,151.33,21667.10425602,5413.0
214,2019-04-22 02:00:00,151.46,154.52,149.8,152.47,152.41,29371.93456742,6757.0
215,2019-04-23 02:00:00,152.47,157.3,150.68,152.07,154.52,51364.18065732,11612.0
216,2019-04-24 02:00:00,152.06,152.62,143.7,148.89,147.39,91018.50813769,16675.0
217,2019-04-25 02:00:00,148.89,149.68,131.26,136.82,140.58,89380.5590988,13536.0
218,2019-04-26 02:00:00,136.82,140.22,133.31,137.4,136.46,70409.6936597,13573.0
219,2019-04-27 02:00:00,137.62,142.49,136.93,140.25,139.46,33347.43161405,6391.0
220,2019-04-28 02:00:00,140.25,140.83,136.93,137.73,139.13,31129.32275152,6923.0
221,2019-04-29 02:00:00,137.73,138.73,133.75,136.14,136.43,50131.5497835,8556.0
222,2019-04-30 02:00:00,136.14,144.02,136.14,142.9,140.14,45347.69015417,8646.0
223,2019-05-01 02:00:00,142.9,145.12,139.71,141.42,142.2,27954.05307313,5992.0
224,2019-05-02 02:00:00,141.42,143.63,139.18,142.13,141.57,33210.3658833,7060.0
225,2019-05-03 02:00:00,142.13,151.63,141.16,147.0,147.03,76931.48278636,14106.0
226,2019-05-04 02:00:00,147.0,150.19,141.35,144.45,144.79,49295.11078237,9199.0
227,2019-05-05 02:00:00,144.45,146.36,140.44,144.14,143.59,25749.14586351,5871.0
228,2019-05-06 02:00:00,144.14,157.0,141.03,152.5,149.18,98278.98316564,13761.0
229,2019-05-07 02:00:00,152.5,161.37,147.54,148.81,155.44,84920.15208698,15820.0
230,2019-05-08 02:00:00,148.81,153.55,146.22,151.36,149.47,60858.53079098,8395.0
231,2019-05-09 02:00:00,151.34,154.51,147.62,151.67,150.68,41953.64821786,8437.0
232,2019-05-10 02:00:00,151.67,156.92,149.0,153.45,153.82,67100.9908483,13663.0
233,2019-05-11 02:00:00,153.45,181.52,153.45,169.32,169.05,206941.05917185,30584.0
234,2019-05-12 02:00:00,169.37,181.1,162.2,167.04,170.68,161043.0678457,29692.0
235,2019-05-13 02:00:00,167.04,183.5,165.0,173.57,176.8,186042.00862657,31943.0
236,2019-05-14 02:00:00,173.66,196.9,172.74,193.54,185.48,215049.71413583,32058.0
237,2019-05-15 02:00:00,193.8,223.4,193.67,222.23,208.97,211944.50453353,28531.0
238,2019-05-16 02:00:00,222.33,250.54,217.22,236.68,233.92,363247.67569765,51284.0
239,2019-05-17 02:00:00,236.68,242.0,200.36,219.0,213.05,262707.8078004,36174.0
240,2019-05-18 02:00:00,219.0,223.22,208.35,210.43,214.94,68834.88336269,12463.0
241,2019-05-19 02:00:00,210.43,237.15,209.19,234.8,229.27,126227.47715675,17898.0
242,2019-05-20 02:00:00,234.8,234.8,214.16,226.13,223.89,107923.86428547,15746.0
243,2019-05-21 02:00:00,226.13,237.0,222.2,228.65,229.38,82113.78091741,13664.0
244,2019-05-22 02:00:00,228.65,234.23,216.0,218.8,225.9,98945.6953361,15929.0
245,2019-05-23 02:00:00,218.8,222.48,208.1,219.87,214.86,70389.17461815,12400.0
246,2019-05-24 02:00:00,219.87,228.72,216.87,223.0,224.38,45793.58496671,9857.0
247,2019-05-25 02:00:00,223.0,231.43,221.69,225.43,226.91,44189.47686137,8277.0
248,2019-05-26 02:00:00,225.43,244.05,220.16,239.96,235.5,103003.5000563,21543.0
249,2019-05-27 02:00:00,239.96,249.95,236.49,242.6,241.29,80871.39236145,15310.0
250,2019-05-28 02:00:00,242.6,247.5,237.38,243.0,242.19,50986.868689,12116.0
251,2019-05-29 02:00:00,242.95,246.67,233.1,242.36,240.95,57019.04704162,14329.0
252,2019-05-30 02:00:00,242.13,258.64,212.42,228.78,242.74,158014.18650546,27467.0
253,2019-05-31 02:00:00,228.78,240.43,220.5,239.83,231.61,62125.44811494,13369.0
254,2019-06-01 02:00:00,240.08,246.5,233.96,237.2,240.24,54124.86890395,8798.0
255,2019-06-02 02:00:00,237.2,245.29,236.95,241.25,241.29,37622.19149312,6882.0
256,2019-06-03 02:00:00,241.25,241.49,220.54,222.24,232.36,72035.75063017,12196.0
257,2019-06-04 02:00:00,222.24,223.41,207.21,214.12,215.92,111663.16754908,18594.0
258,2019-06-05 02:00:00,214.12,221.99,211.25,219.06,216.66,55450.7946302,10006.0
259,2019-06-06 02:00:00,219.06,222.5,209.0,221.19,215.77,34934.25206865,7940.0
260,2019-06-07 02:00:00,221.19,225.0,217.05,220.6,220.77,45245.60281902,8816.0
261,2019-06-08 02:00:00,220.44,221.43,213.53,216.53,217.32,29335.890446,7132.0
262,2019-06-09 02:00:00,216.53,217.0,200.6,205.33,207.48,46246.44193809,11439.0
263,2019-06-10 02:00:00,205.33,219.2,201.47,219.01,213.63,51123.03061141,8623.0
264,2019-06-11 02:00:00,219.01,219.99,210.2,216.55,215.14,43935.53534817,6901.0
265,2019-06-12 02:00:00,216.55,233.36,215.0,232.89,223.43,69801.27690098,10428.0
266,2019-06-13 02:00:00,232.89,234.29,226.0,226.59,230.84,53166.19399443,9413.0
267,2019-06-14 02:00:00,226.59,237.15,224.02,235.45,229.77,49810.6161303,8282.0
268,2019-06-15 02:00:00,235.45,244.0,233.24,239.95,237.77,39805.7050726,9037.0
269,2019-06-16 02:00:00,239.95,248.62,234.51,239.43,241.73,66008.78157487,14199.0
270,2019-06-17 02:00:00,239.43,245.49,238.33,244.06,242.31,45824.67463234,8810.0
271,2019-06-18 02:00:00,244.06,244.3,233.4,236.16,238.21,38993.42505769,8634.0
272,2019-06-19 02:00:00,236.16,241.35,235.14,239.29,238.72,23988.2684236,5544.0
273,2019-06-20 02:00:00,239.29,243.49,235.95,240.99,239.31,32399.1545528,6843.0
274,2019-06-21 02:00:00,240.99,260.79,240.99,259.99,254.18,96428.6995311,18554.0
275,2019-06-22 02:00:00,259.98,277.0,250.53,270.93,268.68,102639.61243841,20731.0
276,2019-06-23 02:00:00,270.93,279.0,267.02,268.8,272.6,53430.99068557,12943.0
277,2019-06-24 02:00:00,268.8,274.63,258.7,272.81,270.05,56459.72769823,9938.0
278,2019-06-25 02:00:00,272.81,279.0,269.0,278.69,273.6,82078.43656279,11864.0
279,2019-06-26 02:00:00,278.79,314.5,260.83,287.39,294.02,209069.80079564,46633.0
280,2019-06-27 02:00:00,287.39,293.05,241.66,258.25,262.33,192773.21334247,36950.0
281,2019-06-28 02:00:00,258.25,275.0,255.0,272.52,266.63,72352.09418263,13405.0
282,2019-06-29 02:00:00,272.52,284.65,256.37,279.01,268.09,62264.48995683,11275.0
283,2019-06-30 02:00:00,278.74,284.13,252.27,255.15,265.21,58607.79464537,12541.0
284,2019-07-01 02:00:00,255.85,265.66,246.69,260.21,255.25,63405.50203773,12541.0
285,2019-07-02 02:00:00,260.21,262.27,240.15,257.73,250.21,68361.20780788,13155.0
286,2019-07-03 02:00:00,257.73,268.61,257.06,267.71,261.66,42037.1079411,8776.0
287,2019-07-04 02:00:00,267.71,268.84,248.67,251.23,260.49,29003.42489165,7903.0
288,2019-07-05 02:00:00,251.23,263.1,249.05,256.68,257.25,29463.16350479,7223.0
289,2019-07-06 02:00:00,256.96,265.22,254.33,256.32,259.83,20635.46706144,4726.0
290,2019-07-07 02:00:00,256.32,276.79,253.33,272.81,269.24,35847.31593262,7838.0
291,2019-07-08 02:00:00,272.81,281.0,269.39,279.91,276.24,74967.98810908,9790.0
292,2019-07-09 02:00:00,279.91,284.09,270.91,275.06,278.6,43406.13967562,9176.0
293,2019-07-10 02:00:00,275.06,280.56,252.14,256.56,262.63,77833.01127356,13512.0
294,2019-07-11 02:00:00,256.56,256.56,233.11,239.06,241.26,77102.44633856,15249.0
295,2019-07-12 02:00:00,239.06,248.5,236.92,244.75,243.31,23512.03583191,5850.0
296,2019-07-13 02:00:00,244.75,244.84,232.6,239.51,237.69,17525.28301291,4778.0
297,2019-07-14 02:00:00,239.6,240.0,204.61,211.18,214.55,84295.30224903,12275.0
298,2019-07-15 02:00:00,211.18,211.6,188.55,202.96,200.37,66819.0308049,15784.0
299,2019-07-16 02:00:00,203.0,208.87,170.02,177.04,186.03,120212.58824318,20682.0
300,2019-07-17 02:00:00,177.04,196.48,172.28,188.54,184.91,81938.96057607,15934.0
301,2019-07-18 02:00:00,188.54,204.52,184.2,201.12,194.95,69728.07914832,13120.0
302,2019-07-19 02:00:00,201.12,201.49,190.21,197.44,195.65,37728.4515469,7292.0
303,2019-07-20 02:00:00,197.44,210.45,196.62,204.32,203.87,41105.65607216,6982.0
304,2019-07-21 02:00:00,204.32,205.07,193.77,201.02,199.07,28662.39520861,5684.0
305,2019-07-22 02:00:00,201.02,203.51,188.97,193.9,194.51,33263.70719835,7099.0
306,2019-07-23 02:00:00,193.9,196.52,186.77,190.28,190.79,34916.89359743,6205.0
307,2019-07-24 02:00:00,190.28,195.91,181.0,194.58,188.03,41886.66367296,8126.0
308,2019-07-25 02:00:00,194.58,202.8,193.69,196.86,198.63,34545.67814465,6981.0
309,2019-07-26 02:00:00,196.86,198.36,191.22,196.98,195.04,21331.52230612,4336.0
310,2019-07-27 02:00:00,196.98,201.12,182.18,186.27,188.34,49412.46480015,7978.0
311,2019-07-28 02:00:00,186.29,192.0,178.11,190.1,185.57,31216.69049927,6395.0
312,2019-07-29 02:00:00,190.27,193.37,185.27,188.8,188.61,22877.76117475,5086.0
313,2019-07-30 02:00:00,188.9,192.66,183.44,188.15,188.05,25454.48004482,5074.0
314,2019-07-31 02:00:00,188.15,197.64,187.88,197.48,193.5,31184.76281219,5808.0
315,2019-08-01 02:00:00,197.48,197.98,190.81,196.2,194.04,25303.83518952,4725.0
316,2019-08-02 02:00:00,196.2,201.0,193.26,196.01,196.8,22868.34034132,5453.0
317,2019-08-03 02:00:00,196.16,201.94,195.03,199.6,200.01,16794.70545004,4138.0
318,2019-08-04 02:00:00,199.6,201.0,195.32,200.49,198.32,8072.0466602,2749.0
319,2019-08-05 02:00:00,200.49,211.89,200.3,207.03,207.11,43559.91239614,9224.0
320,2019-08-06 02:00:00,207.03,213.89,198.55,201.6,205.3,41724.18074619,8482.0
321,2019-08-07 02:00:00,201.6,206.25,196.54,201.53,201.49,32859.89580566,5669.0
322,2019-08-08 02:00:00,201.53,202.23,191.91,197.5,197.9,26777.70361926,5732.0
323,2019-08-09 02:00:00,197.5,197.91,184.49,187.72,189.37,27827.79090212,6780.0
324,2019-08-10 02:00:00,187.72,191.47,178.71,184.08,184.27,24834.1713975,4872.0
325,2019-08-11 02:00:00,184.08,193.64,183.83,193.02,188.96,16813.94172686,3388.0
326,2019-08-12 02:00:00,193.02,193.24,187.68,188.32,189.49,16500.41576742,3593.0
327,2019-08-13 02:00:00,188.69,188.69,181.21,186.66,185.14,24480.12622591,4881.0
328,2019-08-14 02:00:00,186.67,187.32,162.99,167.6,173.6,64018.71205498,10603.0
329,2019-08-15 02:00:00,167.6,170.7,155.79,169.57,164.25,69475.33053184,10882.0
330,2019-08-16 02:00:00,169.57,169.6,160.92,167.21,165.76,42463.71999486,6704.0
331,2019-08-17 02:00:00,167.21,168.5,164.44,167.44,166.47,8955.85263504,2706.0
332,2019-08-18 02:00:00,167.44,178.4,165.45,175.69,173.93,30759.46592991,4192.0
333,2019-08-19 02:00:00,175.69,183.75,170.81,183.0,179.35,37491.73428582,5311.0
334,2019-08-20 02:00:00,182.69,183.09,175.46,177.22,178.73,28301.7363094,4150.0
335,2019-08-21 02:00:00,177.22,177.67,162.12,169.08,168.13,33303.96032588,5602.0
336,2019-08-22 02:00:00,169.17,176.13,164.5,172.16,170.77,27007.44416105,5107.0
337,2019-08-23 02:00:00,172.0,177.64,170.15,174.53,173.93,23904.88146828,4145.0
338,2019-08-24 02:00:00,174.53,174.57,167.13,171.34,169.66,19498.06403915,2859.0
339,2019-08-25 02:00:00,171.34,172.94,164.44,167.48,168.29,12884.18077765,3730.0
340,2019-08-26 02:00:00,167.48,174.15,167.29,169.65,170.35,20138.08494859,5489.0
341,2019-08-27 02:00:00,169.65,170.41,166.27,168.93,168.24,23558.2527071,3168.0
342,2019-08-28 02:00:00,168.93,169.8,150.0,156.3,160.05,51135.81717989,9259.0
343,2019-08-29 02:00:00,156.3,156.51,148.02,152.69,152.42,33532.08154093,6319.0
344,2019-08-30 02:00:00,152.95,154.8,150.3,153.25,153.31,14690.85075116,3924.0
345,2019-08-31 02:00:00,153.31,159.1,151.29,156.7,154.23,11871.86120967,3407.0
346,2019-09-01 02:00:00,156.7,158.05,152.96,155.78,155.8,11726.09072293,2970.0
347,2019-09-02 02:00:00,155.78,165.32,155.45,163.01,159.84,23638.91534936,5042.0
348,2019-09-03 02:00:00,163.01,166.93,159.09,163.04,163.41,26350.85340771,5542.0
349,2019-09-04 02:00:00,163.04,164.29,157.28,158.75,161.04,21447.68173659,4572.0
350,2019-09-05 02:00:00,158.75,159.39,154.3,157.86,156.48,21711.17923981,4089.0
351,2019-09-06 02:00:00,157.86,161.84,150.0,153.52,155.74,30360.20313725,5404.0
352,2019-09-07 02:00:00,153.52,163.9,152.75,161.51,158.55,20799.39193023,3944.0
353,2019-09-08 02:00:00,161.51,167.15,160.26,164.85,164.0,30297.58885941,4542.0
354,2019-09-09 02:00:00,164.85,168.65,159.73,163.95,163.6,25609.33800347,4687.0
355,2019-09-10 02:00:00,163.81,167.1,160.24,162.74,163.43,15617.02815085,3297.0
356,2019-09-11 02:00:00,162.74,164.72,158.64,162.03,162.06,24762.44710321,4241.0
357,2019-09-12 02:00:00,162.03,165.1,160.61,163.69,162.37,17130.42200049,4060.0
358,2019-09-13 02:00:00,163.69,164.38,160.8,163.69,162.22,11952.35506653,3551.0
359,2019-09-14 02:00:00,163.69,170.99,162.71,170.45,167.7,21956.76536583,3856.0
360,2019-09-15 02:00:00,170.37,172.13,168.52,171.04,170.8,15184.25388446,2457.0
361,2019-09-16 02:00:00,171.04,181.53,171.0,179.74,175.43,30965.79762855,6642.0
362,2019-09-17 02:00:00,179.74,194.47,178.36,187.64,186.27,48177.60960047,9822.0
363,2019-09-18 02:00:00,187.64,196.7,187.64,190.62,193.01,33671.1175212,7066.0
364,2019-09-19 02:00:00,190.62,203.0,183.69,199.83,193.12,68713.52445401,11288.0
365,2019-09-20 02:00:00,199.83,200.93,193.12,197.89,196.54,28638.23304788,5883.0
366,2019-09-21 02:00:00,197.89,200.84,193.63,195.27,196.14,43131.78109731,5050.0
367,2019-09-22 02:00:00,195.27,195.37,187.03,191.96,190.9,30817.90209585,4469.0
368,2019-09-23 02:00:00,191.73,192.3,180.63,182.83,186.65,40663.20007593,7232.0
369,2019-09-24 02:00:00,182.83,184.58,141.0,151.37,161.08,163982.31519371,23513.0
370,2019-09-25 02:00:00,151.37,159.33,148.0,155.66,153.69,59563.07223673,10022.0
371,2019-09-26 02:00:00,155.66,156.74,139.75,151.93,149.67,85205.01972088,10324.0
372,2019-09-27 02:00:00,151.93,162.3,147.04,159.11,154.2,37029.08138858,6275.0
373,2019-09-28 02:00:00,159.11,160.88,154.3,159.18,157.98,19770.73939108,4352.0
374,2019-09-29 02:00:00,159.18,159.81,150.48,155.12,153.86,30144.49750922,4682.0
375,2019-09-30 02:00:00,155.12,166.78,151.21,166.32,160.58,52855.40534507,7131.0
376,2019-10-01 02:00:00,166.27,170.63,159.03,161.31,164.58,34845.26136399,6657.0
377,2019-10-02 02:00:00,161.31,165.78,159.68,165.17,161.9,18643.31494947,3818.0
378,2019-10-03 02:00:00,165.17,165.5,154.43,159.55,159.19,24085.14053951,5462.0
379,2019-10-04 02:00:00,159.55,163.78,155.52,160.36,159.77,13755.95902849,3259.0
380,2019-10-05 02:00:00,160.36,161.42,156.97,161.2,159.2,19211.94183556,2624.0
381,2019-10-06 02:00:00,161.2,161.55,152.9,155.23,156.11,66155.46840149,5555.0
382,2019-10-07 02:00:00,155.23,166.28,153.91,164.44,161.16,38086.65634132,5521.0
383,2019-10-08 02:00:00,164.4,170.6,161.9,165.34,165.42,37689.52637418,4486.0
384,2019-10-09 02:00:00,165.34,178.2,163.75,175.76,171.65,39806.76142104,6935.0
385,2019-10-10 02:00:00,175.76,177.26,170.17,174.15,174.15,38738.54951554,5353.0
386,2019-10-11 02:00:00,174.15,179.34,162.6,163.72,168.38,38422.17941179,11413.0
387,2019-10-12 02:00:00,163.72,167.49,161.0,163.25,164.74,11347.44006061,2994.0
388,2019-10-13 02:00:00,163.25,167.57,162.25,164.61,165.41,16436.11830489,3167.0
389,2019-10-14 02:00:00,164.61,171.04,163.83,169.57,167.08,18042.55662188,3721.0
390,2019-10-15 02:00:00,169.72,170.96,161.0,163.8,165.46,39743.52564626,5157.0
391,2019-10-16 02:00:00,163.8,164.37,155.34,158.0,159.37,28772.67011055,4624.0
392,2019-10-17 02:00:00,158.0,161.98,156.11,159.59,158.99,38885.48823126,4731.0
393,2019-10-18 02:00:00,159.59,159.66,151.67,154.92,154.89,24541.84629798,4199.0
394,2019-10-19 02:00:00,154.92,156.93,152.54,154.31,155.0,39136.40892681,4081.0
395,2019-10-20 02:00:00,154.31,158.2,151.99,157.43,155.69,43365.85020589,3328.0
396,2019-10-21 02:00:00,157.43,159.7,154.07,156.5,156.65,21900.74518737,3316.0
397,2019-10-22 02:00:00,156.5,157.24,153.09,154.09,155.57,15419.39381845,2966.0
398,2019-10-23 02:00:00,154.09,154.09,137.93,146.09,145.46,71531.03741147,10566.0
399,2019-10-24 02:00:00,146.02,147.8,142.76,144.89,145.16,27050.31295439,4056.0
400,2019-10-25 02:00:00,144.89,169.32,144.83,163.85,160.26,70548.63725883,9238.0
401,2019-10-26 02:00:00,163.85,178.8,156.57,162.17,166.37,66415.07541117,13774.0
402,2019-10-27 02:00:00,162.03,170.13,159.38,165.91,166.01,34136.63116365,6305.0
403,2019-10-28 01:00:00,165.91,171.38,162.91,163.93,165.65,24203.67832215,5441.0
404,2019-10-29 01:00:00,163.97,173.99,163.86,172.06,169.3,49466.02697403,7114.0
405,2019-10-30 01:00:00,172.06,173.14,162.24,164.41,166.12,36684.69433875,5905.0
406,2019-10-31 01:00:00,164.41,166.32,159.3,163.74,163.13,33773.5567783,5495.0
407,2019-11-01 01:00:00,163.74,165.6,159.14,164.35,162.7,17930.81498557,4527.0
408,2019-11-02 01:00:00,164.35,166.7,163.18,164.03,164.41,8435.38073576,2420.0
409,2019-11-03 01:00:00,164.04,165.76,160.45,162.99,162.59,9964.61182603,2715.0
410,2019-11-04 01:00:00,162.99,170.0,161.69,167.15,166.39,19185.74021962,5271.0
411,2019-11-05 01:00:00,167.26,173.6,164.0,170.31,169.25,24795.40718218,5897.0
412,2019-11-06 01:00:00,170.31,175.46,169.9,172.82,172.72,24222.99275871,6904.0
413,2019-11-07 01:00:00,172.82,173.73,166.91,168.83,168.88,25591.33730885,5168.0
414,2019-11-08 01:00:00,168.83,170.0,164.17,166.9,166.55,23339.61565159,5803.0
415,2019-11-09 01:00:00,166.9,168.92,166.0,167.88,167.45,6324.4809366,1869.0
416,2019-11-10 01:00:00,167.88,173.9,166.59,171.55,170.94,19028.71771878,3491.0
417,2019-11-11 01:00:00,171.47,172.49,166.62,167.39,168.88,18146.04570733,3107.0
418,2019-11-12 01:00:00,167.39,170.0,165.43,169.81,168.5,22984.77163151,3425.0
419,2019-11-13 01:00:00,169.81,172.27,168.13,170.43,170.2,20964.28494061,3308.0
420,2019-11-14 01:00:00,170.43,171.09,166.15,167.47,168.09,30276.70822407,4410.0
421,2019-11-15 01:00:00,167.47,169.36,160.72,162.75,164.31,27989.98674218,5217.0
422,2019-11-16 01:00:00,162.75,165.97,162.24,165.14,164.77,7052.28183105,1953.0
423,2019-11-17 01:00:00,165.14,168.49,163.11,166.43,166.0,15701.06322843,3023.0
424,2019-11-18 01:00:00,166.43,166.43,157.73,160.89,162.85,33693.31464956,5351.0
425,2019-11-19 01:00:00,160.89,161.2,155.6,158.76,158.22,22567.47573708,4554.0
426,2019-11-20 01:00:00,158.76,161.6,156.44,157.36,158.96,24287.5654265,4086.0
427,2019-11-21 01:00:00,157.36,158.58,141.12,145.61,148.47,74287.53576633,9595.0
428,2019-11-22 01:00:00,145.61,147.11,125.22,136.28,135.98,119802.33411091,17991.0
429,2019-11-23 01:00:00,136.28,140.47,133.35,138.19,137.09,28729.35487137,4308.0
430,2019-11-24 01:00:00,138.19,139.19,125.6,127.19,132.11,44413.14967892,5527.0
431,2019-11-25 01:00:00,127.19,138.96,120.04,133.2,128.57,129265.2135677,13155.0
432,2019-11-26 01:00:00,133.2,136.23,130.8,134.31,133.04,27043.03984506,4934.0
433,2019-11-27 01:00:00,134.31,141.74,128.27,139.08,136.11,68987.16294353,8608.0
434,2019-11-28 01:00:00,139.08,140.9,135.62,137.43,138.52,39457.25932032,4832.0
435,2019-11-29 01:00:00,137.43,143.46,137.05,140.17,140.42,60978.76147547,6030.0
436,2019-11-30 01:00:00,140.17,140.9,135.16,138.09,138.15,26813.0820219,3276.0
437,2019-12-01 01:00:00,138.06,138.6,132.89,137.06,135.62,17268.63138197,3775.0
438,2019-12-02 01:00:00,137.06,137.65,132.73,134.6,134.67,30752.21894881,4029.0
439,2019-12-03 01:00:00,134.6,135.63,131.67,133.08,133.74,15443.83156177,3288.0
440,2019-12-04 01:00:00,133.08,137.5,128.9,131.41,132.48,48835.69439294,6038.0
441,2019-12-05 01:00:00,131.42,134.24,129.14,133.15,132.35,24324.84248031,3556.0
442,2019-12-06 01:00:00,133.58,137.58,131.52,134.73,133.98,29460.18992115,3306.0
443,2019-12-07 01:00:00,134.73,135.33,132.94,133.35,134.2,10007.57370251,2114.0
444,2019-12-08 01:00:00,133.35,137.43,132.54,136.4,135.39,12303.98542259,2605.0
445,2019-12-09 01:00:00,136.4,136.85,131.63,133.22,133.98,27158.79344854,3914.0
446,2019-12-10 01:00:00,133.22,133.78,129.73,131.25,131.88,21675.93975835,4085.0
447,2019-12-11 01:00:00,131.25,131.99,127.47,128.84,129.43,25865.00794251,3483.0
448,2019-12-12 01:00:00,128.84,130.88,125.0,129.5,128.61,26694.17235192,4121.0
449,2019-12-13 01:00:00,129.5,130.44,127.67,130.16,129.16,16968.43121501,3300.0
450,2019-12-14 01:00:00,130.16,130.43,126.78,127.6,128.11,11430.11275392,2422.0
451,2019-12-15 01:00:00,127.6,129.39,125.44,127.94,127.68,17176.59391636,3315.0
452,2019-12-16 01:00:00,127.94,128.07,116.01,119.08,121.88,43095.68269303,7519.0
453,2019-12-17 01:00:00,119.08,119.18,107.38,109.25,113.52,55908.48443272,8765.0
454,2019-12-18 01:00:00,109.25,121.6,104.63,119.58,112.49,62081.6366591,9846.0
455,2019-12-19 01:00:00,119.71,120.74,113.02,115.21,115.04,31519.44524338,4860.0
456,2019-12-20 01:00:00,115.4,116.88,113.35,115.99,115.05,12298.16313727,3291.0
457,2019-12-21 01:00:00,115.99,116.15,114.3,114.83,114.98,5351.54290724,1781.0
458,2019-12-22 01:00:00,114.83,120.35,114.75,119.52,117.86,18658.66184756,3580.0
459,2019-12-23 01:00:00,119.52,121.99,113.75,115.4,118.39,27418.23572733,5340.0
460,2019-12-24 01:00:00,115.4,117.1,114.28,115.37,115.75,17248.70432291,4762.0
461,2019-12-25 01:00:00,115.37,115.51,110.66,112.62,112.34,50408.77707275,7328.0
462,2019-12-26 01:00:00,112.62,118.86,111.93,113.15,114.44,22906.60904384,4833.0
463,2019-12-27 01:00:00,113.15,113.77,109.81,113.01,111.88,22031.56871241,4841.0
464,2019-12-28 01:00:00,112.98,116.03,112.59,114.49,114.33,11253.17712207,3390.0
465,2019-12-29 01:00:00,114.49,123.44,114.05,120.08,118.78,28700.8041189,5561.0
466,2019-12-30 01:00:00,120.08,121.33,116.1,117.14,118.21,26639.22942018,5583.0
467,2019-12-31 01:00:00,117.14,118.82,113.92,114.81,116.01,22223.49081928,4813.0
468,2020-01-01 01:00:00,114.81,118.47,114.33,116.17,116.6,11802.02749241,3677.0
469,2020-01-02 01:00:00,116.17,116.17,113.08,113.71,114.34,24196.84792533,4495.0
470,2020-01-03 01:00:00,113.71,120.7,112.51,120.27,117.58,36107.20472456,6513.0
471,2020-01-04 01:00:00,120.27,121.64,118.75,120.27,119.75,9017.10924934,3212.0
472,2020-01-05 01:00:00,120.27,124.0,120.26,121.28,121.99,28566.91491856,5658.0
473,2020-01-06 01:00:00,121.28,129.21,120.79,129.05,126.14,47787.9213253,8395.0
474,2020-01-07 01:00:00,129.02,130.39,124.13,128.33,127.99,51421.3700056,7844.0
475,2020-01-08 01:00:00,128.33,132.88,123.59,126.55,126.72,80135.90970828,9254.0
476,2020-01-09 01:00:00,126.55,127.27,121.74,124.02,123.77,28891.28074412,4531.0
477,2020-01-10 01:00:00,124.07,130.47,122.0,130.08,126.43,31618.97186368,5696.0
478,2020-01-11 01:00:00,130.08,133.09,127.7,128.12,129.92,22900.67199065,4162.0
479,2020-01-12 01:00:00,128.12,131.68,127.47,131.68,129.44,28607.57425026,3094.0
480,2020-01-13 01:00:00,131.68,132.0,127.75,129.18,129.1,21228.83952783,3427.0
481,2020-01-14 01:00:00,129.18,153.1,129.12,149.1,141.47,110504.17981925,16295.0
482,2020-01-15 01:00:00,149.1,154.34,142.7,149.31,148.12,70231.65262927,11302.0
483,2020-01-16 01:00:00,149.33,150.16,142.55,147.36,145.29,42369.04650052,7106.0
484,2020-01-17 01:00:00,147.24,156.64,145.6,153.12,152.94,82576.34450786,11206.0
485,2020-01-18 01:00:00,153.12,161.56,148.75,156.89,157.01,89702.57213846,8524.0
486,2020-01-19 01:00:00,156.89,160.4,146.3,150.49,151.0,85026.95005941,8302.0
487,2020-01-20 01:00:00,150.49,153.57,145.3,150.33,149.67,47326.88262862,6205.0
488,2020-01-21 01:00:00,150.33,153.22,148.37,152.7,150.84,36692.75334622,5347.0
489,2020-01-22 01:00:00,152.99,154.42,149.33,151.37,151.05,25054.97935054,3742.0
490,2020-01-23 01:00:00,151.37,151.48,143.51,147.25,146.95,34971.5120684,6364.0
491,2020-01-24 01:00:00,147.25,149.08,140.88,147.22,145.24,44408.76033526,7071.0
492,2020-01-25 01:00:00,147.22,147.5,142.87,145.25,144.96,19646.07780691,3664.0
493,2020-01-26 01:00:00,145.25,152.0,144.2,151.8,149.3,26821.86444466,5133.0
494,2020-01-27 01:00:00,152.0,155.68,149.63,153.91,153.16,45710.55719539,7306.0
495,2020-01-28 01:00:00,153.91,160.0,153.91,159.85,156.15,48670.36110135,9334.0
496,2020-01-29 01:00:00,159.85,162.02,157.12,157.56,160.22,30809.54817481,7966.0
497,2020-01-30 01:00:00,157.56,169.25,154.78,167.23,162.61,52023.85389176,10968.0
498,2020-01-31 01:00:00,167.23,168.13,158.17,162.0,162.29,74572.37398533,8093.0
499,2020-02-01 01:00:00,162.0,165.84,161.2,165.49,164.17,17854.78997416,3915.0
500,2020-02-02 01:00:00,165.49,174.22,161.54,169.7,170.41,58457.41049415,8525.0
501,2020-02-03 01:00:00,169.7,176.26,168.75,171.56,171.51,34323.80963654,7286.0
502,2020-02-04 01:00:00,171.56,173.0,166.24,170.66,169.21,44628.28611528,8596.0
503,2020-02-05 01:00:00,170.66,188.89,170.16,185.25,179.83,85005.51634232,13171.0
504,2020-02-06 01:00:00,185.25,196.59,182.55,193.98,191.91,79381.80448176,13961.0
505,2020-02-07 01:00:00,193.98,205.38,193.98,204.09,201.25,76125.24061686,13550.0
506,2020-02-08 01:00:00,204.09,208.35,195.2,204.3,205.06,72961.63067494,10177.0
507,2020-02-09 01:00:00,204.3,210.81,204.0,209.05,207.96,44760.20260071,8646.0
508,2020-02-10 01:00:00,209.05,209.65,197.11,204.72,202.82,78624.81884996,13119.0
509,2020-02-11 01:00:00,204.72,220.0,200.0,217.78,212.2,88030.18427746,15382.0
510,2020-02-12 01:00:00,217.79,253.84,217.79,244.74,238.11,184408.69782901,29458.0
511,2020-02-13 01:00:00,244.74,256.55,235.17,248.13,246.35,119339.45591872,23111.0
512,2020-02-14 01:00:00,248.13,265.5,240.5,264.41,253.8,107052.56579748,17950.0
513,2020-02-15 01:00:00,264.41,266.98,241.4,244.63,252.47,91258.76072314,18919.0
514,2020-02-16 01:00:00,244.63,253.38,218.05,239.44,236.2,120649.08728807,20280.0
515,2020-02-17 01:00:00,239.25,247.99,223.76,247.15,234.69,116574.76327062,18549.0
516,2020-02-18 01:00:00,247.2,265.74,240.39,262.07,253.8,128631.02295578,20017.0
517,2020-02-19 01:00:00,262.07,266.0,232.89,239.7,253.38,136348.29034635,19571.0
518,2020-02-20 01:00:00,239.7,244.78,228.0,239.36,237.78,97557.75554592,16959.0
519,2020-02-21 01:00:00,239.36,247.9,235.84,244.96,243.23,48741.25291618,9600.0
520,2020-02-22 01:00:00,244.96,246.32,236.51,242.15,240.94,19447.85253662,5114.0
521,2020-02-23 01:00:00,242.15,255.0,241.77,254.44,250.2,49471.26123912,8409.0
522,2020-02-24 01:00:00,254.44,256.47,236.0,245.06,245.29,64110.78089289,11943.0
523,2020-02-25 01:00:00,245.06,245.67,224.67,226.85,234.03,74210.79424561,12648.0
524,2020-02-26 01:00:00,226.74,229.92,198.2,205.39,211.56,171099.89116116,23901.0
525,2020-02-27 01:00:00,205.39,217.56,192.77,206.53,207.36,133511.30815338,19500.0
526,2020-02-28 01:00:00,206.53,213.36,194.41,205.88,202.91,76959.45335555,12867.0
527,2020-02-29 01:00:00,205.88,211.72,197.08,197.6,204.46,22265.28241684,5548.0
528,2020-03-01 01:00:00,197.6,206.82,192.51,197.16,198.45,50996.9803855,8721.0
529,2020-03-02 01:00:00,197.16,210.42,195.54,208.2,204.78,57878.94067875,9867.0
530,2020-03-03 01:00:00,208.2,209.5,197.48,200.44,203.23,51925.88978012,9151.0
531,2020-03-04 01:00:00,200.44,205.11,198.51,201.91,201.43,27522.41666648,5913.0
532,2020-03-05 01:00:00,201.91,209.4,201.91,203.97,206.47,44067.2244365,7845.0
533,2020-03-06 01:00:00,203.97,217.94,203.06,217.74,210.85,48550.44352439,8592.0
534,2020-03-07 01:00:00,217.74,223.84,207.85,210.88,215.04,48551.37113401,9151.0
535,2020-03-08 01:00:00,210.88,210.88,172.42,175.12,190.83,142233.38936885,20575.0
536,2020-03-09 01:00:00,175.12,183.38,165.48,177.82,175.12,185932.26582743,22485.0
537,2020-03-10 01:00:00,177.8,181.5,172.21,177.25,177.69,73532.85933505,11557.0
538,2020-03-11 01:00:00,177.25,179.4,160.8,172.79,169.76,102321.30044106,13340.0
539,2020-03-12 01:00:00,172.79,173.49,91.53,97.85,125.29,628531.00546767,82149.0
540,2020-03-13 01:00:00,97.95,129.95,80.67,122.48,111.37,501621.32874051,79931.0
541,2020-03-14 01:00:00,122.48,122.65,109.4,110.92,115.94,79099.97812408,12829.0
542,2020-03-15 01:00:00,110.92,119.98,108.6,111.23,112.8,120813.67783588,15211.0
543,2020-03-16 01:00:00,111.23,111.88,90.69,99.64,98.45,248926.19955858,32426.0
544,2020-03-17 01:00:00,99.81,109.69,98.38,106.1,106.48,136306.76267973,16644.0
545,2020-03-18 01:00:00,106.1,108.71,100.87,108.55,105.17,97247.28052738,12784.0
546,2020-03-19 01:00:00,108.5,135.65,106.76,129.0,121.66,219326.43292469,32015.0
547,2020-03-20 01:00:00,129.0,143.5,107.67,124.99,129.55,294977.78920051,39139.0
548,2020-03-21 01:00:00,125.0,129.27,118.08,124.72,123.96,78726.23322123,13322.0
549,2020-03-22 01:00:00,124.71,129.1,113.83,115.01,119.72,97774.76895393,12959.0
550,2020-03-23 01:00:00,115.01,128.41,112.39,127.07,120.53,134072.42810879,16583.0
551,2020-03-24 01:00:00,127.07,133.2,123.5,128.85,128.47,139201.99244411,16208.0
552,2020-03-25 01:00:00,128.85,132.0,123.49,125.5,126.94,93947.31165655,12314.0
553,2020-03-26 01:00:00,125.5,127.5,121.97,125.96,123.92,60117.26074404,8288.0
554,2020-03-27 01:00:00,126.01,128.61,117.06,118.54,123.0,49745.01189611,8360.0
555,2020-03-28 01:00:00,118.54,121.22,113.0,118.1,116.2,93182.54258671,10995.0
556,2020-03-29 01:00:00,118.1,118.8,111.4,111.79,114.19,52960.28268503,6220.0
557,2020-03-30 02:00:00,111.79,122.81,111.59,119.87,118.86,66450.69724639,10274.0
558,2020-03-31 02:00:00,119.88,123.09,118.12,121.0,120.93,38835.49221297,6800.0
559,2020-04-01 02:00:00,121.0,125.2,118.17,124.15,120.67,56941.47710227,8447.0
560,2020-04-02 02:00:00,124.15,139.59,120.22,130.24,129.77,131277.26226329,19621.0
561,2020-04-03 02:00:00,130.24,136.0,128.05,131.12,132.55,76773.69282251,11957.0
562,2020-04-04 02:00:00,131.03,135.62,128.81,133.75,132.07,42871.60471364,7310.0
563,2020-04-05 02:00:00,133.79,135.05,130.63,132.38,132.72,29469.92185728,9416.0
564,2020-04-06 02:00:00,132.38,159.8,132.32,158.91,147.13,175008.25627798,30397.0
565,2020-04-07 02:00:00,158.97,163.33,148.51,151.11,156.86,139475.41702714,29267.0
566,2020-04-08 02:00:00,151.11,160.67,150.27,159.45,156.65,82941.98767567,21021.0
567,2020-04-09 02:00:00,159.75,160.03,152.42,155.63,156.8,76425.34803084,15548.0
568,2020-04-10 02:00:00,155.63,156.13,139.44,144.72,145.24,136366.37099395,23927.0
569,2020-04-11 02:00:00,144.72,147.84,141.12,145.31,144.49,41247.94093354,12390.0
570,2020-04-12 02:00:00,145.31,151.6,142.33,145.46,148.25,70581.49161231,14535.0
571,2020-04-13 02:00:00,145.55,146.5,137.42,143.6,141.34,91924.2814992,18645.0
572,2020-04-14 02:00:00,143.6,148.18,142.65,144.55,145.46,51537.50440625,13890.0
573,2020-04-15 02:00:00,144.55,147.4,139.7,140.32,144.14,52306.30283198,14348.0
574,2020-04-16 02:00:00,140.32,161.27,136.45,158.99,153.45,163573.45307685,25858.0
575,2020-04-17 02:00:00,158.99,161.0,155.0,157.3,157.31,50433.60204953,10189.0
576,2020-04-18 02:00:00,157.3,174.84,157.3,172.94,166.72,109044.14564252,14438.0
577,2020-04-19 02:00:00,172.81,173.72,162.6,166.12,167.39,54883.31580475,9807.0
578,2020-04-20 02:00:00,166.12,171.79,153.94,157.23,161.99,124980.40912621,17659.0
579,2020-04-21 02:00:00,157.23,161.62,155.64,157.59,158.54,76487.22624478,10835.0
580,2020-04-22 02:00:00,157.59,170.19,156.77,169.14,165.21,86781.90257825,11915.0
581,2020-04-23 02:00:00,169.11,179.28,164.75,172.02,172.26,112368.46777696,19027.0
582,2020-04-24 02:00:00,172.02,177.15,171.19,173.66,174.18,63761.44133026,10551.0
583,2020-04-25 02:00:00,173.72,183.41,172.08,179.94,179.4,75540.82775248,12054.0
584,2020-04-26 02:00:00,179.94,185.03,178.4,182.82,181.44,62086.15562763,9329.0
585,2020-04-27 02:00:00,182.82,184.2,175.14,182.04,179.88,67316.70216106,10689.0
586,2020-04-28 02:00:00,181.94,183.18,178.08,182.09,180.81,49865.79005958,7893.0
587,2020-04-29 02:00:00,182.06,202.12,181.87,198.28,193.85,181841.00969356,27937.0
588,2020-04-30 02:00:00,198.28,209.86,185.0,188.83,196.66,205497.03881941,32006.0
589,2020-05-01 02:00:00,188.82,198.56,188.82,193.1,193.31,54648.01303465,11471.0
590,2020-05-02 02:00:00,193.09,196.28,191.75,195.03,193.91,52567.89820339,9778.0
591,2020-05-03 02:00:00,195.04,199.59,187.05,191.71,193.23,73043.41572162,14073.0
592,2020-05-04 02:00:00,191.71,192.54,178.77,189.74,185.29,74305.78149925,16030.0
593,2020-05-05 02:00:00,189.74,194.44,185.12,189.8,189.51,50164.76043977,11758.0
594,2020-05-06 02:00:00,189.8,195.66,184.0,184.72,191.93,62642.34321423,12222.0
595,2020-05-07 02:00:00,184.71,199.2,182.73,195.85,193.21,86795.33616092,16149.0
596,2020-05-08 02:00:00,195.96,199.66,191.21,195.16,195.82,54827.78436698,12768.0
597,2020-05-09 02:00:00,195.16,198.07,192.56,194.05,195.33,32379.6104412,7238.0
598,2020-05-10 02:00:00,194.37,194.37,165.23,173.94,175.6,165549.06529402,27091.0
599,2020-05-11 02:00:00,173.61,179.28,163.61,172.19,171.7,104863.00911505,16789.0
600,2020-05-12 02:00:00,172.2,177.5,172.14,175.14,175.56,42409.59972815,7384.0
601,2020-05-13 02:00:00,175.3,186.0,174.12,184.8,180.53,48134.97823604,9020.0
602,2020-05-14 02:00:00,184.79,191.0,181.34,187.96,186.45,50827.13399876,10957.0
603,2020-05-15 02:00:00,188.1,188.76,176.71,179.91,182.8,46173.62517558,9687.0
604,2020-05-16 02:00:00,179.91,188.0,178.57,185.45,185.11,23817.97071522,5699.0
605,2020-05-17 02:00:00,185.38,193.32,184.7,190.92,190.21,44183.42465558,8435.0
606,2020-05-18 02:00:00,190.92,199.7,190.92,196.8,195.97,54359.98947947,10885.0
607,2020-05-19 02:00:00,196.79,196.83,192.1,196.39,194.33,34790.73226591,6991.0
608,2020-05-20 02:00:00,196.39,196.8,188.4,191.55,191.9,44584.62425574,8566.0
609,2020-05-21 02:00:00,191.51,192.99,174.68,181.48,183.25,61062.07361512,13213.0
610,2020-05-22 02:00:00,181.54,192.04,179.28,190.23,187.23,32511.54146654,8658.0
611,2020-05-23 02:00:00,190.42,193.93,188.1,189.64,190.63,15696.65342363,4005.0
612,2020-05-24 02:00:00,189.67,193.12,183.15,183.15,188.69,22854.32090881,6001.0
613,2020-05-25 02:00:00,183.19,189.07,182.0,187.5,186.48,23961.40464213,5840.0
614,2020-05-26 02:00:00,187.36,187.97,179.84,183.37,183.87,36446.44015999,6917.0
615,2020-05-27 02:00:00,183.24,189.5,183.24,189.03,187.28,30830.32233544,6162.0
616,2020-05-28 02:00:00,189.06,198.85,186.06,198.54,192.31,52960.49197866,9431.0
617,2020-05-29 02:00:00,198.54,202.5,195.13,198.91,198.77,71724.12929349,9970.0
618,2020-05-30 02:00:00,198.86,222.04,197.29,218.84,212.04,78524.97941556,15094.0
619,2020-05-31 02:00:00,218.89,220.38,207.0,208.72,213.31,59759.56208142,10552.0
620,2020-06-01 02:00:00,208.55,224.94,207.87,221.52,217.54,67718.86113717,12544.0
621,2020-06-02 02:00:00,221.57,226.65,203.0,212.86,215.03,114885.330116,19367.0
622,2020-06-03 02:00:00,212.75,218.22,208.38,217.72,213.67,42183.03964227,8228.0
623,2020-06-04 02:00:00,217.75,219.8,211.42,214.68,215.57,49081.5541428,9623.0
624,2020-06-05 02:00:00,214.67,218.56,211.6,213.05,214.65,34280.60332399,7344.0
625,2020-06-06 02:00:00,212.97,216.8,211.22,214.44,214.12,19717.35263332,4842.0
626,2020-06-07 02:00:00,214.44,216.98,208.6,216.0,212.59,44266.45227283,7199.0
627,2020-06-08 02:00:00,216.0,219.0,213.41,217.79,215.72,27641.87389627,5715.0
628,2020-06-09 02:00:00,217.84,220.84,210.04,215.45,215.51,35129.15662616,7448.0
629,2020-06-10 02:00:00,215.53,219.65,213.17,218.15,215.91,37719.60663385,7615.0
630,2020-06-11 02:00:00,218.14,220.0,199.01,204.01,208.84,78104.42097099,14809.0
631,2020-06-12 02:00:00,204.0,212.0,202.3,211.09,208.68,42935.62430614,7996.0
632,2020-06-13 02:00:00,211.03,211.97,208.51,211.56,210.52,10093.33106879,4287.0
633,2020-06-14 02:00:00,211.5,211.64,204.51,205.78,208.01,16850.04243092,5263.0
634,2020-06-15 02:00:00,205.81,206.78,194.14,203.78,200.59,75327.40575578,14236.0
635,2020-06-16 02:00:00,203.78,209.14,202.0,208.78,206.6,26052.13635828,6702.0
636,2020-06-17 02:00:00,208.78,211.01,202.73,207.91,207.27,24452.09356963,7041.0
637,2020-06-18 02:00:00,207.91,208.36,203.42,206.65,206.65,19600.28641253,6398.0
638,2020-06-19 02:00:00,206.65,206.65,202.45,204.75,204.97,19696.37382059,6308.0
639,2020-06-20 02:00:00,204.75,206.39,202.18,204.62,204.17,13659.05101876,4361.0
640,2020-06-21 02:00:00,204.64,206.67,203.25,203.99,205.33,10645.18778491,4032.0
641,2020-06-22 02:00:00,203.99,218.9,203.56,215.65,213.48,47383.54923083,10766.0
642,2020-06-23 02:00:00,215.65,216.89,213.43,215.07,215.37,25794.52657398,6017.0
643,2020-06-24 02:00:00,215.07,220.06,205.32,208.7,212.35,47393.25085388,10615.0
644,2020-06-25 02:00:00,208.7,210.0,202.53,207.27,207.02,31453.42188783,7151.0
645,2020-06-26 02:00:00,207.27,208.17,203.36,204.71,205.18,22301.95786215,6386.0
646,2020-06-27 02:00:00,204.71,206.36,193.39,197.45,199.4,33476.24357973,8589.0
647,2020-06-28 02:00:00,197.45,203.13,194.88,200.6,199.32,24022.83949559,5878.0
648,2020-06-29 02:00:00,200.47,204.48,196.58,202.56,199.84,29393.80473032,7158.0
649,2020-06-30 02:00:00,202.56,203.69,199.03,201.17,201.3,23455.80907929,6214.0
650,2020-07-01 02:00:00,201.17,207.06,199.84,205.58,204.14,22703.50920698,6323.0
651,2020-07-02 02:00:00,205.58,206.36,198.71,201.87,202.39,29570.67784236,7243.0
652,2020-07-03 02:00:00,201.87,203.65,200.03,200.53,202.24,16747.12260116,4915.0
653,2020-07-04 02:00:00,200.5,204.98,200.2,203.69,202.6,12866.51860921,4303.0
654,2020-07-05 02:00:00,203.69,204.7,199.25,202.92,201.4,18906.52328954,4663.0
655,2020-07-06 02:00:00,202.92,213.88,201.83,213.72,208.62,40043.11568002,8899.0
656,2020-07-07 02:00:00,213.63,215.24,208.5,212.58,211.26,20940.87929092,6637.0
657,2020-07-08 02:00:00,212.58,219.77,211.39,218.2,215.43,37333.32439121,7479.0
658,2020-07-09 02:00:00,218.18,218.77,211.14,213.01,215.7,30288.20736566,6108.0
659,2020-07-10 02:00:00,213.01,213.01,211.64,211.64,211.64,0.15,1.0
660,2020-07-11 02:00:00,213.86,214.18,211.0,212.36,213.29,2877.44634241,1030.0
661,2020-07-12 02:00:00,212.15,215.88,210.0,214.86,212.02,25074.82571943,5706.0
662,2020-07-13 02:00:00,214.99,216.67,209.4,211.41,213.78,42422.00671024,8820.0
663,2020-07-14 02:00:00,211.4,212.62,209.19,210.82,210.88,23834.53929533,6457.0
664,2020-07-15 02:00:00,210.82,211.53,208.0,209.0,209.42,26666.65781693,7292.0
665,2020-07-16 02:00:00,209.01,209.5,202.0,205.09,204.53,47454.77833225,10126.0
666,2020-07-17 02:00:00,205.09,205.76,203.31,203.85,204.45,16786.51094581,6073.0
667,2020-07-18 02:00:00,203.85,207.89,203.66,206.92,205.99,15833.51652444,5021.0
668,2020-07-19 02:00:00,206.91,209.91,204.64,209.28,206.82,16448.4729132,5096.0
669,2020-07-20 02:00:00,209.28,209.89,205.02,206.43,208.25,22243.7942542,6891.0
670,2020-07-21 02:00:00,206.43,215.01,206.15,213.37,212.49,36296.20986498,8623.0
671,2020-07-22 02:00:00,213.51,232.66,210.2,228.95,218.38,49291.35699292,11029.0
672,2020-07-23 02:00:00,228.95,241.87,222.51,238.01,232.13,81461.27959692,17639.0
673,2020-07-24 02:00:00,238.07,247.15,231.74,240.11,239.78,68925.90782135,15930.0
674,2020-07-25 02:00:00,240.11,265.3,240.11,262.66,252.11,66896.86810886,15925.0
675,2020-07-26 02:00:00,262.58,273.76,256.16,267.03,265.63,115941.62442562,21312.0
676,2020-07-27 02:00:00,266.99,284.34,265.02,274.09,274.76,140518.29267734,29611.0
677,2020-07-28 02:00:00,274.05,278.07,261.0,270.86,269.84,81379.44695802,21200.0
678,2020-07-29 02:00:00,270.62,277.0,267.11,270.53,273.57,57209.89849339,15495.0
679,2020-07-30 02:00:00,270.44,289.21,267.86,282.79,277.78,75721.48431347,17664.0
680,2020-07-31 02:00:00,282.78,296.7,277.07,294.65,288.83,86417.14320228,18793.0
681,2020-08-01 02:00:00,294.64,334.65,292.13,329.47,313.83,99686.5430906,27097.0
682,2020-08-02 02:00:00,329.47,352.66,220.55,316.06,315.06,196301.99654553,41536.0
683,2020-08-03 02:00:00,316.0,339.66,311.78,329.02,331.96,80494.46827558,19450.0
684,2020-08-04 02:00:00,328.98,342.95,325.12,330.3,332.44,58676.58785741,16872.0
685,2020-08-05 02:00:00,330.3,343.7,325.46,337.91,334.89,59947.72140173,17690.0
686,2020-08-06 02:00:00,337.91,340.0,330.0,332.79,335.03,46836.54477859,13806.0
687,2020-08-07 02:00:00,332.79,337.5,310.09,322.64,324.3,80030.32741075,21028.0
688,2020-08-08 02:00:00,322.63,336.82,320.0,336.82,329.47,32611.86504932,12421.0
689,2020-08-09 02:00:00,336.82,339.24,326.24,331.52,332.53,32469.15602517,11399.0
690,2020-08-10 02:00:00,331.77,339.42,328.18,337.2,335.95,47234.28173951,15241.0
691,2020-08-11 02:00:00,337.2,339.0,313.0,323.19,327.49,72149.35282172,20833.0
692,2020-08-12 02:00:00,323.23,330.71,312.4,328.9,324.73,45961.45906242,14377.0
693,2020-08-13 02:00:00,328.96,365.44,319.04,359.53,342.24,92320.70772624,26006.0
694,2020-08-14 02:00:00,359.51,376.69,353.57,370.9,365.05,85015.61430945,22195.0
695,2020-08-15 02:00:00,370.89,374.06,354.32,365.43,367.4,46407.70436131,14924.0
696,2020-08-16 02:00:00,365.66,369.37,348.06,366.06,360.14,45648.29813776,16936.0
697,2020-08-17 02:00:00,366.2,390.0,355.13,363.22,367.05,63023.76966011,19815.0
698,2020-08-18 02:00:00,363.22,365.81,348.88,354.14,357.96,54660.80360924,19376.0
699,2020-08-19 02:00:00,354.13,357.47,333.59,344.65,343.36,77111.04354583,21422.0
700,2020-08-20 02:00:00,344.65,354.74,341.01,351.14,348.59,31197.35526284,12678.0
701,2020-08-21 02:00:00,351.14,353.31,327.48,329.76,341.31,57886.2617538,19835.0
702,2020-08-22 02:00:00,329.73,337.15,323.6,336.15,330.34,36484.13465553,14037.0
703,2020-08-23 02:00:00,336.15,337.12,325.79,331.98,331.71,21882.64351692,9652.0
704,2020-08-24 02:00:00,331.81,348.13,328.46,346.11,340.34,43632.13052703,14487.0
705,2020-08-25 02:00:00,346.03,347.15,313.63,324.38,326.24,70041.16026392,21509.0
706,2020-08-26 02:00:00,324.38,333.57,320.02,326.06,326.84,44416.3261622,14616.0
707,2020-08-27 02:00:00,326.06,335.18,315.51,324.73,325.28,45901.87557392,14778.0
708,2020-08-28 02:00:00,324.76,335.0,322.27,332.71,329.98,31653.24156625,12260.0
709,2020-08-29 02:00:00,332.71,341.54,330.25,335.68,337.57,24018.32447614,9623.0
710,2020-08-30 02:00:00,335.78,361.0,335.7,360.1,351.37,40822.08004618,10984.0
711,2020-08-31 02:00:00,360.1,368.4,352.16,364.36,362.48,48508.26285465,12402.0
712,2020-09-01 02:00:00,364.21,409.85,360.23,399.36,392.5,118742.51095246,28451.0
713,2020-09-02 02:00:00,398.81,404.55,356.66,372.3,376.33,135808.10305984,27940.0
714,2020-09-03 02:00:00,371.88,380.83,315.11,323.49,346.5,156599.95682215,31359.0
715,2020-09-04 02:00:00,323.6,339.45,305.33,326.76,326.44,120815.83707827,25370.0
716,2020-09-05 02:00:00,326.51,333.87,262.35,283.35,290.23,172872.86514115,35215.0
717,2020-09-06 02:00:00,283.57,304.76,268.0,298.55,292.73,75809.9199562,16507.0
718,2020-09-07 02:00:00,298.55,303.3,273.22,299.15,288.84,89497.79347488,17508.0
719,2020-09-08 02:00:00,299.15,302.37,291.76,295.45,296.06,9039.40155981,2192.0
